web-scraper-order,web-scraper-start-url,link,link-href,product_name,item_price,item_rating,numbers_0f_review,product_description,Product_ASIN,manufacturer,pages,pages-href
1658566763-92,https://www.amazon.in/s?k=bags&crid=2M096C61O4MLT&qid=1653308124&sprefix=ba%2Caps%2C283&ref=sr_pg_1https%3A%2F%2Fwww.amazon.in%2Fref%3Dcs_503_logo%2F,"Fur Jaden 55 LTR Rucksack Travel Backpack Bag for Trekking, Hiking with Shoe Compartment",https://www.amazon.in/Rucksack-Travel-Backpack-Trekking-Compartment/dp/B07YDGQQN5/ref=sr_1_20?crid=2M096C61O4MLT&keywords=bags&qid=1658566533&smid=AXOGFIT0PZZ7G&sprefix=ba%2Caps%2C283&sr=8-20,"Fur Jaden 55 LTR Rucksack Travel Backpack Bag for Trekking, Hiking with Shoe Compartment",₹799.00,4.2 out of 5 stars,"5,621 ratings",Large sized black and grey colour trekking rucksack for men and women for travel use as well as for trendy college and school students. Huge compartment size that can fit upto several pairs of clothes with ease with separate pocket for shoesMultiple pockets for other accessories and water bottle,B07YDGQQN5,"Fur Jaden 3-C, Jai Hind Bld, Dr AM Road, Bhuleshwar, Mumbai 400002, 8080888028",2,https://www.amazon.in/s?k=bags&page=2&crid=2M096C61O4MLT&qid=1658565969&sprefix=ba%2Caps%2C283&ref=sr_pg_2
1658566427-71,https://www.amazon.in/s?k=bags&crid=2M096C61O4MLT&qid=1653308124&sprefix=ba%2Caps%2C283&ref=sr_pg_1https%3A%2F%2Fwww.amazon.in%2Fref%3Dcs_503_logo%2F,Mi Business Casual 21L Water Resistant Laptop Backpack (Dark Grey),https://www.amazon.in/Mi-Business-Casual-Resistant-Backpack/dp/B07YY6PTMN/ref=sr_1_41?crid=2M096C61O4MLT&keywords=bags&qid=1658566257&smid=A14CZOWI0VEHLG&sprefix=ba%2Caps%2C283&sr=8-41,Mi Business Casual 21L Water Resistant Laptop Backpack (Dark Grey),₹899.00,4.4 out of 5 stars,"4,416 ratings","21L Capacity: The Backpack has a padded laptop compartment that can fit 15.2 inch laptop. It can also accommodate essentials such as a Lunch box, Charger, Tablet, Books, Power Bank, Wallet, and Sunglass. Dimension(L*W*D): 44*32*16 cm",null,null,3,https://www.amazon.in/s?k=bags&page=3&crid=2M096C61O4MLT&qid=1658565969&sprefix=ba%2Caps%2C283&ref=sr_pg_3
1658566439-72,https://www.amazon.in/s?k=bags&crid=2M096C61O4MLT&qid=1653308124&sprefix=ba%2Caps%2C283&ref=sr_pg_1https%3A%2F%2Fwww.amazon.in%2Fref%3Dcs_503_logo%2F,AFN FASHION 70L Adventure Camping Trekking Backpack for Unisex Adult,https://www.amazon.in/Backpack-Adventure-Camping-Trekking-Rucksack/dp/B091SNKKB4/ref=sr_1_40?crid=2M096C61O4MLT&keywords=bags&qid=1658566257&sprefix=ba%2Caps%2C283&sr=8-40,AFN FASHION 70L Adventure Camping Trekking Backpack for Unisex Adult,null,4.0 out of 5 stars,966 ratings,Multiple pockets with zippered closures hold your belongings securely. Keep your storage organized. Adjustable straps for extra security and flexibility,B091SNKKB4,"AFN FASHION, AFN FASHION MUMBA",3,https://www.amazon.in/s?k=bags&page=3&crid=2M096C61O4MLT&qid=1658565969&sprefix=ba%2Caps%2C283&ref=sr_pg_3
1658566090-52,https://www.amazon.in/s?k=bags&crid=2M096C61O4MLT&qid=1653308124&sprefix=ba%2Caps%2C283&ref=sr_pg_1https%3A%2F%2Fwww.amazon.in%2Fref%3Dcs_503_logo%2F,"TRUE HUMAN Emperor ( ZYDEN ) Anti-Theft backpack with combination lock Laptop bag , office bag , college bag",https://www.amazon.in/TRUE-HUMAN-Anti-Theft-backpack-combination/dp/B09VCHV6T5/ref=sr_1_30?crid=2M096C61O4MLT&keywords=bags&qid=1658565981&sprefix=ba%2Caps%2C283&sr=8-30,"TRUE HUMAN Emperor ( ZYDEN ) Anti-Theft backpack with combination lock Laptop bag , office bag , college bag",null,3.8 out of 5 stars,234 ratings,"➧ Superior & Durability: Made of durable and Eco-friendly water resistant oxford textile fabric,which keeps your files and stuffs dry inside. This backpack can hold up to 15.6"" laptop from most brands, but it may not be suitable for all brand 15.6"". Since there maybe exist slight size difference among different laptop brands.",ZYDEN-2,null,Next,https://www.amazon.in/s?k=bags&page=2&crid=2M096C61O4MLT&qid=1658565969&sprefix=ba%2Caps%2C283&ref=sr_pg_1
1658566752-91,https://www.amazon.in/s?k=bags&crid=2M096C61O4MLT&qid=1653308124&sprefix=ba%2Caps%2C283&ref=sr_pg_1https%3A%2F%2Fwww.amazon.in%2Fref%3Dcs_503_logo%2F,Lenovo Casual Laptop Backpack B210 15.6-inch(39.6cm) Water Repellent Black,https://www.amazon.in/Lenovo-Laptop-Backpack-15-6-Inch-GX40Q17225/dp/B075Y72PHZ/ref=sr_1_21?crid=2M096C61O4MLT&keywords=bags&qid=1658566533&smid=A14CZOWI0VEHLG&sprefix=ba%2Caps%2C283&sr=8-21,Lenovo Casual Laptop Backpack B210 15.6-inch(39.6cm) Water Repellent Black,₹749.00,4.2 out of 5 stars,"43,101 ratings","Compatible With 15.6"" Laptop : The Lenovo B210 Backpack fits up to 15.6 inch laptop. Dimensions: 34cm x 15cm x 45.5cm; Weight: 453g.",null,null,2,https://www.amazon.in/s?k=bags&page=2&crid=2M096C61O4MLT&qid=1658565969&sprefix=ba%2Caps%2C283&ref=sr_pg_2
1658566703-87,https://www.amazon.in/s?k=bags&crid=2M096C61O4MLT&qid=1653308124&sprefix=ba%2Caps%2C283&ref=sr_pg_1https%3A%2F%2Fwww.amazon.in%2Fref%3Dcs_503_logo%2F,"Bennett™ Mystic 15.6 inch(39cm) Laptop Shoulder Messenger Sling Office Bag, Water Repellent Fabric for Men and Women (Charcoal Black)",https://www.amazon.in/BennettTM-Shoulder-Messenger-Repellent-Charcoal/dp/B09CV24TMK/ref=sr_1_25?crid=2M096C61O4MLT&keywords=bags&qid=1658566533&smid=A14CZOWI0VEHLG&sprefix=ba%2Caps%2C283&sr=8-25,"Bennett™ Mystic 15.6 inch(39cm) Laptop Shoulder Messenger Sling Office Bag, Water Repellent Fabric for Men and Women (Charcoal Black)",₹499.00,4.1 out of 5 stars,"2,508 ratings","High quality Material: The outside of this laptop bag is made of high quality water Repellent Fabric, high well-pad soft fleece inside,comfortable touch, provide 360°protection for your laptop and various device.",null,null,2,https://www.amazon.in/s?k=bags&page=2&crid=2M096C61O4MLT&qid=1658565969&sprefix=ba%2Caps%2C283&ref=sr_pg_2
1658566355-67,https://www.amazon.in/s?k=bags&crid=2M096C61O4MLT&qid=1653308124&sprefix=ba%2Caps%2C283&ref=sr_pg_1https%3A%2F%2Fwww.amazon.in%2Fref%3Dcs_503_logo%2F,Fargo Handbag For Women And Girls COMBO SET OF 5 (Light5pc),https://www.amazon.in/Fargo-Handbag-Women-Girls-Light5pc/dp/B09N3K2ZCP/ref=sr_1_47?crid=2M096C61O4MLT&keywords=bags&qid=1658566257&smid=A2J0EVES3HXP0T&sprefix=ba%2Caps%2C283&sr=8-47,Fargo Handbag For Women And Girls COMBO SET OF 5 (Light5pc),₹474.00,3.1 out of 5 stars,"1,461 ratings","Handbag Dimensions In INCH : Length 12, Height 10.5; Only One Compartment Handbag with Detachable Shoulder Strap.",B09N3K2ZCP,"Retail Grapple, Retail Grapple, India",3,https://www.amazon.in/s?k=bags&page=3&crid=2M096C61O4MLT&qid=1658565969&sprefix=ba%2Caps%2C283&ref=sr_pg_3
1658566019-46,https://www.amazon.in/s?k=bags&crid=2M096C61O4MLT&qid=1653308124&sprefix=ba%2Caps%2C283&ref=sr_pg_1https%3A%2F%2Fwww.amazon.in%2Fref%3Dcs_503_logo%2F,HEROZ Hammer Unisex Nylon 45 L Travel Laptop Backpack Water Resistant Slim Durable Fits Up to 17.3 Inch Laptop Notebook (All) (Grey & Black),https://www.amazon.in/HEROZ-Hammer-Durable-Travel-Laptop/dp/B07MGDFT9C/ref=sr_1_36?crid=2M096C61O4MLT&keywords=bags&qid=1658565981&sprefix=ba%2Caps%2C283&sr=8-36,HEROZ Hammer Unisex Nylon 45 L Travel Laptop Backpack Water Resistant Slim Durable Fits Up to 17.3 Inch Laptop Notebook (All) (Grey & Black),null,4.3 out of 5 stars,"6,646 ratings","Warranty type: Manufacturer, 1 year domestic warranty",null,null,Next,https://www.amazon.in/s?k=bags&page=2&crid=2M096C61O4MLT&qid=1658565969&sprefix=ba%2Caps%2C283&ref=sr_pg_1
1658566451-73,https://www.amazon.in/s?k=bags&crid=2M096C61O4MLT&qid=1653308124&sprefix=ba%2Caps%2C283&ref=sr_pg_1https%3A%2F%2Fwww.amazon.in%2Fref%3Dcs_503_logo%2F,Gear Classic Anti Theft Faux Leather 18 inch 48 cms Brown Laptop Backpack (LBPCLSLTH0201),https://www.amazon.in/Gear-Classic-Leather-Backpack-LBPCLSLTH0201/dp/B07G4F6XFH/ref=sr_1_39?crid=2M096C61O4MLT&keywords=bags&qid=1658566257&smid=AXOGFIT0PZZ7G&sprefix=ba%2Caps%2C283&sr=8-39,Gear Classic Anti Theft Faux Leather 18 inch 48 cms Brown Laptop Backpack (LBPCLSLTH0201),"₹1,066.00",4.4 out of 5 stars,"4,474 ratings","Outer material: synthetic, color: brown",B07G4F6XFH,"Gear Merchandise PVT LTD, Gear Merchandise PVT LTD E/12 West Chowbaga Gulshan colony KoLkata-700100 Contact 9830403366",3,https://www.amazon.in/s?k=bags&page=3&crid=2M096C61O4MLT&qid=1658565969&sprefix=ba%2Caps%2C283&ref=sr_pg_3
1658566030-47,https://www.amazon.in/s?k=bags&crid=2M096C61O4MLT&qid=1653308124&sprefix=ba%2Caps%2C283&ref=sr_pg_1https%3A%2F%2Fwww.amazon.in%2Fref%3Dcs_503_logo%2F,"Polestar Space 34 Liters Casual/ Office/ Travel/ School Backpack Bag, made of Polyester, 1 year warranty",https://www.amazon.in/POLESTAR-Navyorg-Casual-bagpack-Backpack/dp/B0844R2GMK/ref=sr_1_35?crid=2M096C61O4MLT&keywords=bags&qid=1658565981&smid=A3HBYWQBT33AGW&sprefix=ba%2Caps%2C283&sr=8-35,"Polestar Space 34 Liters Casual/ Office/ Travel/ School Backpack Bag, made of Polyester, 1 year warranty",₹549.00,4.0 out of 5 stars,"4,859 ratings","✅DIMENSIONS: 30 Cm x 23 Cm x 47 Cm, CAPACITY: 34 Litres",POLESTAR,Unisex-adult,Next,https://www.amazon.in/s?k=bags&page=2&crid=2M096C61O4MLT&qid=1658565969&sprefix=ba%2Caps%2C283&ref=sr_pg_1
1658566582-79,https://www.amazon.in/s?k=bags&crid=2M096C61O4MLT&qid=1653308124&sprefix=ba%2Caps%2C283&ref=sr_pg_1https%3A%2F%2Fwww.amazon.in%2Fref%3Dcs_503_logo%2F,Artistix Talon Anti-Theft Design Laptop Backpack Bag in Water Resistance With USB Charging Port (46 Cm) (Black),https://www.amazon.in/Artistix-Backpack-Anti-Theft-Charging-Resistance/dp/B082PKX18C/ref=sr_1_35?crid=2M096C61O4MLT&keywords=bags&qid=1658566533&smid=A1VUWH3EQIJX98&sprefix=ba%2Caps%2C283&sr=8-35,Artistix Talon Anti-Theft Design Laptop Backpack Bag in Water Resistance With USB Charging Port (46 Cm) (Black),₹939.00,4.3 out of 5 stars,"1,607 ratings",Fit Type: Western,B082PKX18C,"Durant International. Address : GIDC Lodhika, Rajkot-360021, Gujarat. Customer Care : 9809804990, Durant International Plot no. G-2613/2 GIDC lodhika, metoda, Rajkot 360021. Customer Care +91 9809804990",2,https://www.amazon.in/s?k=bags&page=2&crid=2M096C61O4MLT&qid=1658565969&sprefix=ba%2Caps%2C283&ref=sr_pg_2
1658566139-54,https://www.amazon.in/s?k=bags&crid=2M096C61O4MLT&qid=1653308124&sprefix=ba%2Caps%2C283&ref=sr_pg_1https%3A%2F%2Fwww.amazon.in%2Fref%3Dcs_503_logo%2F,Half Moon Large 37L Laptop Bag Backpack for menं Women Boys and Girls Luggage Travel Bags with 17.3 inches Laptop Compartment & Rain Cover,https://www.amazon.in/Half-Moon-Backpack-Luggage-Compartment/dp/B09VCLZ3K4/ref=sr_1_26?crid=2M096C61O4MLT&keywords=bags&qid=1658565981&sprefix=ba%2Caps%2C283&sr=8-26,Half Moon Large 37L Laptop Bag Backpack for menं Women Boys and Girls Luggage Travel Bags with 17.3 inches Laptop Compartment & Rain Cover,null,3.9 out of 5 stars,496 ratings,"SPACIOUS AND LIGHTWEIGHT: Light weight and spacious laptop backpack with 3 compartments. One compartment is for carrying laptop inside (Upto 17 inches), with padding for safety, and space for laptop accessories like charger, etc. Second large compartment for books, files and all your day to day essentials. And third compartment is for your extra stuff. It has provision for holding bottles on both sides and has padded shoulder straps for your comfort",B09VCLZ3K4,Amazing Bags,Next,https://www.amazon.in/s?k=bags&page=2&crid=2M096C61O4MLT&qid=1658565969&sprefix=ba%2Caps%2C283&ref=sr_pg_1
1658566727-89,https://www.amazon.in/s?k=bags&crid=2M096C61O4MLT&qid=1653308124&sprefix=ba%2Caps%2C283&ref=sr_pg_1https%3A%2F%2Fwww.amazon.in%2Fref%3Dcs_503_logo%2F,"Wesley Milestone Casual Waterproof Laptop Backpack/Office Bag/School Bag/College Bag/Business Bag/Unisex Travel Backpack (Compatible with 15.6 inch Laptop) 30 L, Charcoal Black",https://www.amazon.in/Wesley-Milestone-Waterproof-Backpack-Business/dp/B085S444JV/ref=sr_1_23?crid=2M096C61O4MLT&keywords=bags&qid=1658566533&smid=A14CZOWI0VEHLG&sprefix=ba%2Caps%2C283&sr=8-23,"Wesley Milestone Casual Waterproof Laptop Backpack/Office Bag/School Bag/College Bag/Business Bag/Unisex Travel Backpack (Compatible with 15.6 inch Laptop) 30 L, Charcoal Black",₹548.00,4.3 out of 5 stars,"6,581 ratings","30L Capacity: The Backpack has a padded laptop compartment that can fit 15.6 inch laptop. It can also accommodate essentials such as a Lunch box, Charger, Tablet, Books, Power Bank, Wallet, and Sunglass.",null,null,2,https://www.amazon.in/s?k=bags&page=2&crid=2M096C61O4MLT&qid=1658565969&sprefix=ba%2Caps%2C283&ref=sr_pg_2
1658566571-78,https://www.amazon.in/s?k=bags&crid=2M096C61O4MLT&qid=1653308124&sprefix=ba%2Caps%2C283&ref=sr_pg_1https%3A%2F%2Fwww.amazon.in%2Fref%3Dcs_503_logo%2F,"Polestar Space 34 Liters Casual/ Office/ Travel/ School Backpack Bag, made of Polyester, 1 year warranty",https://www.amazon.in/POLESTAR-Navyorg-Casual-bagpack-Backpack/dp/B0844R2GMK/ref=sr_1_36?crid=2M096C61O4MLT&keywords=bags&qid=1658566533&smid=A3HBYWQBT33AGW&sprefix=ba%2Caps%2C283&sr=8-36,"Polestar Space 34 Liters Casual/ Office/ Travel/ School Backpack Bag, made of Polyester, 1 year warranty",₹549.00,4.0 out of 5 stars,"4,859 ratings","✅DIMENSIONS: 30 Cm x 23 Cm x 47 Cm, CAPACITY: 34 Litres",POLESTAR,Unisex-adult,2,https://www.amazon.in/s?k=bags&page=2&crid=2M096C61O4MLT&qid=1658565969&sprefix=ba%2Caps%2C283&ref=sr_pg_2
1658566955-102,https://www.amazon.in/s?k=bags&crid=2M096C61O4MLT&qid=1653308124&sprefix=ba%2Caps%2C283&ref=sr_pg_1https%3A%2F%2Fwww.amazon.in%2Fref%3Dcs_503_logo%2F,Lunar's Bingo - 48 L Laptop Office/School/Travel/Business Backpack Water Resistant - Fits Up to 15.6 Inch Laptop Notebook with 1 Year Warranty,https://www.amazon.in/Lunars-Bingo-Laptop-Resistant-48L/dp/B08YZ5XY31/ref=sr_1_10?crid=2M096C61O4MLT&keywords=bags&qid=1658565969&sprefix=ba%2Caps%2C283&sr=8-10,Lunar's Bingo - 48 L Laptop Office/School/Travel/Business Backpack Water Resistant - Fits Up to 15.6 Inch Laptop Notebook with 1 Year Warranty,null,3.9 out of 5 stars,"7,231 ratings",?WATER RESISTANT WITH 1 YEAR WARRANTY - Stylish and durable unisex travel laptop backpack that is your perfect travel partner. Size: 20 inch X 13.5 inch X 9.5 inch. Capacity : 48 liters. Backpack is made of high grade water resistant polyester material that gives it strength and durable for long-term use. 12 months warranty for any manufacturing defects,B08YZ5XY31,"Akshaya Rubbers, Hebbal Industrial Area, Mysore, 7022982998",,
1658566847-95,https://www.amazon.in/s?k=bags&crid=2M096C61O4MLT&qid=1653308124&sprefix=ba%2Caps%2C283&ref=sr_pg_1https%3A%2F%2Fwww.amazon.in%2Fref%3Dcs_503_logo%2F,"Mi Step Out 12 L Mini Backpack (Small Size, Black, Water Repellant)",https://www.amazon.in/Backpack-Small-Black-Water-Repellant/dp/B088XB5XY8/ref=sr_1_19?crid=2M096C61O4MLT&keywords=bags&qid=1658565969&smid=A14CZOWI0VEHLG&sprefix=ba%2Caps%2C283&sr=8-19,"Mi Step Out 12 L Mini Backpack (Small Size, Black, Water Repellant)",₹249.00,4.1 out of 5 stars,"3,205 ratings",Made of multi-coated 600D polyester Material ; Water Repellent,null,null,,
1658567015-107,https://www.amazon.in/s?k=bags&crid=2M096C61O4MLT&qid=1653308124&sprefix=ba%2Caps%2C283&ref=sr_pg_1https%3A%2F%2Fwww.amazon.in%2Fref%3Dcs_503_logo%2F,Half Moon 35 L Casual Waterproof Laptop Bag/Backpack for Men Women Boys Girls/Office School College Teens & Students with Rain Cover (18 Inch) (Navy),https://www.amazon.in/Half-Moon-Waterproof-Backpack-Students/dp/B085MHDJ93/ref=sr_1_5?crid=2M096C61O4MLT&keywords=bags&qid=1658565969&smid=A1UVZJ9N7FK5G6&sprefix=ba%2Caps%2C283&sr=8-5,Half Moon 35 L Casual Waterproof Laptop Bag/Backpack for Men Women Boys Girls/Office School College Teens & Students with Rain Cover (18 Inch) (Navy),₹645.00,3.9 out of 5 stars,"11,174 ratings","SPACIOUS AND LIGHTWEIGHT: Light weight and spacious laptop backpack with 3 compartments. One compartment is for carrying laptop inside (Upto 17 inches), with padding for safety, and space for laptop accessories like charger, etc. Second large compartment for books, files and all your day to day essentials. And third compartment is for your extra stuff. It has provision for holding bottles on both sides and has padded shoulder straps for your comfort",B085MHDJ93,Amazing Bags,,
1658566102-53,https://www.amazon.in/s?k=bags&crid=2M096C61O4MLT&qid=1653308124&sprefix=ba%2Caps%2C283&ref=sr_pg_1https%3A%2F%2Fwww.amazon.in%2Fref%3Dcs_503_logo%2F,ZIPLINE Unisex Casual Polyester 36 L Backpack School Bag Women Men Boys Girls Children Daypack College Bag Book School Sports Bag Weekend Bag,https://www.amazon.in/ZIPLINE-Polyester-Backpack-Children-Daypack/dp/B07XVMR33Q/ref=sr_1_29?crid=2M096C61O4MLT&keywords=bags&qid=1658565981&smid=AE2F1YGE1DB7K&sprefix=ba%2Caps%2C283&sr=8-29,ZIPLINE Unisex Casual Polyester 36 L Backpack School Bag Women Men Boys Girls Children Daypack College Bag Book School Sports Bag Weekend Bag,₹726.00,4.1 out of 5 stars,"2,725 ratings","MULTI-FUNCTION COMPARTMENT: ZIPLINE backpack features multiple storage compartments and features for additional supplies and accessories as your, iPhone, iPad, pen, keys, wallet, books, clothes, bottle, passport and more,",B07XVMR33Q,"Atulitu Agency, ,251/3364, Tagore Nagar - 1, Vikhroli East, Mumbai - 400083 (9820078070)",Next,https://www.amazon.in/s?k=bags&page=2&crid=2M096C61O4MLT&qid=1658565969&sprefix=ba%2Caps%2C283&ref=sr_pg_1
1658566463-74,https://www.amazon.in/s?k=bags&crid=2M096C61O4MLT&qid=1653308124&sprefix=ba%2Caps%2C283&ref=sr_pg_1https%3A%2F%2Fwww.amazon.in%2Fref%3Dcs_503_logo%2F,Northzone Laptop Bag/College Bag/School Bag/Office Bag/Waterproof Bag/Travel Bag/Casual Backpack/Trending Backpack (Black1) 40L Backpack,https://www.amazon.in/Northzone-Polyester-School-Backpack-Compartment/dp/B08679WRLW/ref=sr_1_38?crid=2M096C61O4MLT&keywords=bags&qid=1658566257&sprefix=ba%2Caps%2C283&sr=8-38,Northzone Laptop Bag/College Bag/School Bag/Office Bag/Waterproof Bag/Travel Bag/Casual Backpack/Trending Backpack (Black1) 40L Backpack,null,4.0 out of 5 stars,990 ratings,Casual Backpack with Laptop Compartment,DF-OI_Parent,"Northzone, Plot no 35 to 40 KH.No. 28/2 Ground Floor Agar Nagar Prem Nagar Phase 3 Delhi 110086",3,https://www.amazon.in/s?k=bags&page=3&crid=2M096C61O4MLT&qid=1658565969&sprefix=ba%2Caps%2C283&ref=sr_pg_3
1658567039-109,https://www.amazon.in/s?k=bags&crid=2M096C61O4MLT&qid=1653308124&sprefix=ba%2Caps%2C283&ref=sr_pg_1https%3A%2F%2Fwww.amazon.in%2Fref%3Dcs_503_logo%2F,American Tourister Casual Backpack,https://www.amazon.in/American-Tourister-AMT-SCH-02/dp/B07CJCGM1M/ref=sr_1_3?crid=2M096C61O4MLT&keywords=bags&qid=1658565969&smid=AXOGFIT0PZZ7G&sprefix=ba%2Caps%2C283&sr=8-3,American Tourister Casual Backpack,"₹1,099.00",4.1 out of 5 stars,"42,611 ratings","Laptop Compatibility: No, Strap Type: Adjustable, Trolley Support: No. With Rain Cover : No",Samsonite,Samsonite,,
1658567027-108,https://www.amazon.in/s?k=bags&crid=2M096C61O4MLT&qid=1653308124&sprefix=ba%2Caps%2C283&ref=sr_pg_1https%3A%2F%2Fwww.amazon.in%2Fref%3Dcs_503_logo%2F,Metro Women Backpack (66-7806),https://www.amazon.in/Metro-Women-Pink-Backpack-66-7806/dp/B0B364KGB9/ref=sr_1_omk_4?crid=2M096C61O4MLT&keywords=bags&qid=1658565969&sprefix=ba%2Caps%2C283&sr=8-4,Metro Women Backpack (66-7806),null,null,null,Material:Synthetic,India,null,,
1658566619-82,https://www.amazon.in/s?k=bags&crid=2M096C61O4MLT&qid=1653308124&sprefix=ba%2Caps%2C283&ref=sr_pg_1https%3A%2F%2Fwww.amazon.in%2Fref%3Dcs_503_logo%2F,Gear Carryon Backpack Black- Blue (BKPCARYON0110),https://www.amazon.in/GEAR-Black-Blue-Backpack-years/dp/B019HA8AYG/ref=sr_1_32?crid=2M096C61O4MLT&keywords=bags&qid=1658566533&sprefix=ba%2Caps%2C283&sr=8-32,Gear Carryon Backpack Black- Blue (BKPCARYON0110),null,3.7 out of 5 stars,"4,627 ratings","Outer Material: Polyester, Color: Black and Yellow.Ideal for 3-5 year old children.",Gear Merchandise PVT LTD,"Gear Merchandise PVT LTD, Gear Merchandise PVT LTD E/12 West Chowbaga Gulshan colony KoLkata-700100 Contact 9830403366",2,https://www.amazon.in/s?k=bags&page=2&crid=2M096C61O4MLT&qid=1658565969&sprefix=ba%2Caps%2C283&ref=sr_pg_2
1658566151-55,https://www.amazon.in/s?k=bags&crid=2M096C61O4MLT&qid=1653308124&sprefix=ba%2Caps%2C283&ref=sr_pg_1https%3A%2F%2Fwww.amazon.in%2Fref%3Dcs_503_logo%2F,"Bennett™ Mystic 15.6 inch(39cm) Laptop Shoulder Messenger Sling Office Bag, Water Repellent Fabric for Men and Women (Charcoal Black)",https://www.amazon.in/BennettTM-Shoulder-Messenger-Repellent-Charcoal/dp/B09CV24TMK/ref=sr_1_25?crid=2M096C61O4MLT&keywords=bags&qid=1658565981&smid=A14CZOWI0VEHLG&sprefix=ba%2Caps%2C283&sr=8-25,"Bennett™ Mystic 15.6 inch(39cm) Laptop Shoulder Messenger Sling Office Bag, Water Repellent Fabric for Men and Women (Charcoal Black)",₹499.00,4.1 out of 5 stars,"2,508 ratings","High quality Material: The outside of this laptop bag is made of high quality water Repellent Fabric, high well-pad soft fleece inside,comfortable touch, provide 360°protection for your laptop and various device.",null,null,Next,https://www.amazon.in/s?k=bags&page=2&crid=2M096C61O4MLT&qid=1658565969&sprefix=ba%2Caps%2C283&ref=sr_pg_1
1658566643-84,https://www.amazon.in/s?k=bags&crid=2M096C61O4MLT&qid=1653308124&sprefix=ba%2Caps%2C283&ref=sr_pg_1https%3A%2F%2Fwww.amazon.in%2Fref%3Dcs_503_logo%2F,Fur Jaden Anti Theft Backpack 15.6 Inch Laptop Bag with USB Charging Port and Water Resistant Fabric,https://www.amazon.in/Fur-Jaden-Black-Waterproof-Backpack/dp/B078GLXMDY/ref=sr_1_30?crid=2M096C61O4MLT&keywords=bags&qid=1658566533&smid=AXOGFIT0PZZ7G&sprefix=ba%2Caps%2C283&sr=8-30,Fur Jaden Anti Theft Backpack 15.6 Inch Laptop Bag with USB Charging Port and Water Resistant Fabric,₹799.00,4.0 out of 5 stars,"8,886 ratings",KEY FEATURES - Black Colour Backpack for Men and Women for Stylish Office use as well as for Trendy College students. Huge compartment size that can fit upto a 15.6 inch Laptop with ease. Multiple pockets for other accessories.,Fur Jaden,"Fur Jaden, 3-C, Jai Hind Bld, Dr AM Road, Bhuleshwar, Mumbai 400002, 8080888028",2,https://www.amazon.in/s?k=bags&page=2&crid=2M096C61O4MLT&qid=1658565969&sprefix=ba%2Caps%2C283&ref=sr_pg_2
1658566211-60,https://www.amazon.in/s?k=bags&crid=2M096C61O4MLT&qid=1653308124&sprefix=ba%2Caps%2C283&ref=sr_pg_1https%3A%2F%2Fwww.amazon.in%2Fref%3Dcs_503_logo%2F,Lenovo Casual Laptop Backpack B210 15.6-inch(39.6cm) Water Repellent Black,https://www.amazon.in/Lenovo-Laptop-Backpack-15-6-Inch-GX40Q17225/dp/B075Y72PHZ/ref=sr_1_20?crid=2M096C61O4MLT&keywords=bags&qid=1658565981&smid=A14CZOWI0VEHLG&sprefix=ba%2Caps%2C283&sr=8-20,Lenovo Casual Laptop Backpack B210 15.6-inch(39.6cm) Water Repellent Black,₹749.00,4.2 out of 5 stars,"43,101 ratings","Compatible With 15.6"" Laptop : The Lenovo B210 Backpack fits up to 15.6 inch laptop. Dimensions: 34cm x 15cm x 45.5cm; Weight: 453g.",null,null,Next,https://www.amazon.in/s?k=bags&page=2&crid=2M096C61O4MLT&qid=1658565969&sprefix=ba%2Caps%2C283&ref=sr_pg_1
1658566871-97,https://www.amazon.in/s?k=bags&crid=2M096C61O4MLT&qid=1653308124&sprefix=ba%2Caps%2C283&ref=sr_pg_1https%3A%2F%2Fwww.amazon.in%2Fref%3Dcs_503_logo%2F,Bagneeds Men's Black Synthetic Leather Briefcase Best Laptop Messenger Bag Satchel for Men,https://www.amazon.in/Bagneeds-Synthetic-Leather-Briefcase-Messenger/dp/B0855F8174/ref=sr_1_17?crid=2M096C61O4MLT&keywords=bags&qid=1658565969&sprefix=ba%2Caps%2C283&sr=8-17,Bagneeds Men's Black Synthetic Leather Briefcase Best Laptop Messenger Bag Satchel for Men,null,4.1 out of 5 stars,"2,228 ratings","Suitable for a short business trip or a quick weekend getaway. Size In inches?17""L*4.5""W*12.4""H. weight: 800grm",B0855F8174,850 g,,
1658566223-61,https://www.amazon.in/s?k=bags&crid=2M096C61O4MLT&qid=1653308124&sprefix=ba%2Caps%2C283&ref=sr_pg_1https%3A%2F%2Fwww.amazon.in%2Fref%3Dcs_503_logo%2F,"Fur Jaden 55 LTR Rucksack Travel Backpack Bag for Trekking, Hiking with Shoe Compartment",https://www.amazon.in/Rucksack-Travel-Backpack-Trekking-Compartment/dp/B07YDGQQN5/ref=sr_1_19?crid=2M096C61O4MLT&keywords=bags&qid=1658565981&smid=AXOGFIT0PZZ7G&sprefix=ba%2Caps%2C283&sr=8-19,"Fur Jaden 55 LTR Rucksack Travel Backpack Bag for Trekking, Hiking with Shoe Compartment",₹799.00,4.2 out of 5 stars,"5,621 ratings",Large sized black and grey colour trekking rucksack for men and women for travel use as well as for trendy college and school students. Huge compartment size that can fit upto several pairs of clothes with ease with separate pocket for shoesMultiple pockets for other accessories and water bottle,B07YDGQQN5,"Fur Jaden 3-C, Jai Hind Bld, Dr AM Road, Bhuleshwar, Mumbai 400002, 8080888028",Next,https://www.amazon.in/s?k=bags&page=2&crid=2M096C61O4MLT&qid=1658565969&sprefix=ba%2Caps%2C283&ref=sr_pg_1
1658566295-62,https://www.amazon.in/s?k=bags&crid=2M096C61O4MLT&qid=1653308124&sprefix=ba%2Caps%2C283&ref=sr_pg_1https%3A%2F%2Fwww.amazon.in%2Fref%3Dcs_503_logo%2F,"Wildcraft 45 Ltrs Grey and Orange Rucksack (8903338073864), Large",https://www.amazon.in/Wildcraft-Ltrs-orange-Rucksack-8903338073864/dp/B01G5I8YLC/ref=sr_1_52?crid=2M096C61O4MLT&keywords=bags&qid=1658566257&sprefix=ba%2Caps%2C283&sr=8-52,"Wildcraft 45 Ltrs Grey and Orange Rucksack (8903338073864), Large",null,4.3 out of 5 stars,"7,611 ratings","Outer Material: Nylon, Color: Orange. With Rain Cover : No",Wildcraft,Other,3,https://www.amazon.in/s?k=bags&page=3&crid=2M096C61O4MLT&qid=1658565969&sprefix=ba%2Caps%2C283&ref=sr_pg_3
1658566630-83,https://www.amazon.in/s?k=bags&crid=2M096C61O4MLT&qid=1653308124&sprefix=ba%2Caps%2C283&ref=sr_pg_1https%3A%2F%2Fwww.amazon.in%2Fref%3Dcs_503_logo%2F,"TRUE HUMAN Emperor ( ZYDEN ) Anti-Theft backpack with combination lock Laptop bag , office bag , college bag",https://www.amazon.in/TRUE-HUMAN-Anti-Theft-backpack-combination/dp/B09VCHV6T5/ref=sr_1_31?crid=2M096C61O4MLT&keywords=bags&qid=1658566533&sprefix=ba%2Caps%2C283&sr=8-31,"TRUE HUMAN Emperor ( ZYDEN ) Anti-Theft backpack with combination lock Laptop bag , office bag , college bag",null,3.8 out of 5 stars,234 ratings,"➧ Superior & Durability: Made of durable and Eco-friendly water resistant oxford textile fabric,which keeps your files and stuffs dry inside. This backpack can hold up to 15.6"" laptop from most brands, but it may not be suitable for all brand 15.6"". Since there maybe exist slight size difference among different laptop brands.",ZYDEN-2,null,2,https://www.amazon.in/s?k=bags&page=2&crid=2M096C61O4MLT&qid=1658565969&sprefix=ba%2Caps%2C283&ref=sr_pg_2
1658566330-65,https://www.amazon.in/s?k=bags&crid=2M096C61O4MLT&qid=1653308124&sprefix=ba%2Caps%2C283&ref=sr_pg_1https%3A%2F%2Fwww.amazon.in%2Fref%3Dcs_503_logo%2F,Northzone Unisex 15.6 inch 25 L Casual Waterproof Laptop/Travel/Office/School/College/Business Bag/Backpack (Navy blue),https://www.amazon.in/Northzone-Waterproof-College-Business-Backpack/dp/B08FG7L1ZP/ref=sr_1_49?crid=2M096C61O4MLT&keywords=bags&qid=1658566257&sprefix=ba%2Caps%2C283&sr=8-49,Northzone Unisex 15.6 inch 25 L Casual Waterproof Laptop/Travel/Office/School/College/Business Bag/Backpack (Navy blue),null,4.1 out of 5 stars,185 ratings,“COMPATIBLE WITH 15.6 INCH LAPTOP”: The Northzone Backpack fits up to 15.6 inch laptop. Dimensions: 34cm x 15cm x 45.5cm; Weight: 499g.,DI01N-01NZ,"Northzone, Plot no 35 to 40 KH.No. 28/2 Ground Floor Agar Nagar Prem Nagar Phase 3 Delhi 110086",3,https://www.amazon.in/s?k=bags&page=3&crid=2M096C61O4MLT&qid=1658565969&sprefix=ba%2Caps%2C283&ref=sr_pg_3
1658566859-96,https://www.amazon.in/s?k=bags&crid=2M096C61O4MLT&qid=1653308124&sprefix=ba%2Caps%2C283&ref=sr_pg_1https%3A%2F%2Fwww.amazon.in%2Fref%3Dcs_503_logo%2F,Wesley Milestone 15.6 inch 25 L Casual Waterproof Laptop Backpack/Office Bag/School Bag/College Bag/Business Bag/Unisex Travel Backpack,https://www.amazon.in/Wesley-Milestone-Waterproof-Backpack-Business/dp/B07K8KLB3P/ref=sr_1_18?crid=2M096C61O4MLT&keywords=bags&qid=1658565969&smid=A14CZOWI0VEHLG&sprefix=ba%2Caps%2C283&sr=8-18,Wesley Milestone 15.6 inch 25 L Casual Waterproof Laptop Backpack/Office Bag/School Bag/College Bag/Business Bag/Unisex Travel Backpack,₹448.00,4.3 out of 5 stars,"10,590 ratings",Pattern Type : Pure Color || Closure Type : Zipper || Gender : Unisex,null,null,,
1658566835-94,https://www.amazon.in/s?k=bags&crid=2M096C61O4MLT&qid=1653308124&sprefix=ba%2Caps%2C283&ref=sr_pg_1https%3A%2F%2Fwww.amazon.in%2Fref%3Dcs_503_logo%2F,DEIN KLEIDER Men's Nylon Messenger Bag,https://www.amazon.in/Kleider-Travel-Business-Messenger-Shoulder/dp/B084ZHP97M/ref=sr_1_20?crid=2M096C61O4MLT&keywords=bags&qid=1658565969&smid=A2B3JTOLC77ES8&sprefix=ba%2Caps%2C283&sr=8-20,DEIN KLEIDER Men's Nylon Messenger Bag,₹271.00,3.9 out of 5 stars,"2,910 ratings","ERGONOMIC DESIGN: This ergonomic bag features zippered security pockets in the front, back and main compartment. The front pockets can be used to hold personal items like identification cards, keys and more while the extra pocket located in the back can be used for the storage of sleek items like mobile devices. The main storage pocket also has enough room to hold your gadgets, small water bottle cables, chargers etc. This bag can fit tablets and devices with screen sizes of up to 10.5.",DK01CSP-HYP,Messenger Bag,,
1658566054-49,https://www.amazon.in/s?k=bags&crid=2M096C61O4MLT&qid=1653308124&sprefix=ba%2Caps%2C283&ref=sr_pg_1https%3A%2F%2Fwww.amazon.in%2Fref%3Dcs_503_logo%2F,"POLESTAR Noble 32 L College/ School/ Office/ Casual/ Travel Backpack with 15.6"" laptop compartment, made with polyester, 1 year warranty",https://www.amazon.in/POLESTAR-Casual-bagpack-School-Backpack/dp/B07PQQ8M7B/ref=sr_1_33?crid=2M096C61O4MLT&keywords=bags&qid=1658565981&smid=A3HBYWQBT33AGW&sprefix=ba%2Caps%2C283&sr=8-33,"POLESTAR Noble 32 L College/ School/ Office/ Casual/ Travel Backpack with 15.6"" laptop compartment, made with polyester, 1 year warranty",₹585.00,4.0 out of 5 stars,"15,690 ratings","✅DIMENSIONS: 31 Cm x 22 Cm x 45 Cm, CAPACITY: 32 Litres",POLESTAR,Unisex-adult,Next,https://www.amazon.in/s?k=bags&page=2&crid=2M096C61O4MLT&qid=1658565969&sprefix=ba%2Caps%2C283&ref=sr_pg_1
1658566198-59,https://www.amazon.in/s?k=bags&crid=2M096C61O4MLT&qid=1653308124&sprefix=ba%2Caps%2C283&ref=sr_pg_1https%3A%2F%2Fwww.amazon.in%2Fref%3Dcs_503_logo%2F,Laxella Casual Waterproof Lightweight Laptop Bag/Backpack for Men & Boys /Office School College Teens & Students.(Packof 1),https://www.amazon.in/Laxella-Waterproof-Lightweight-Backpack-Students/dp/B093DRDJD4/ref=sr_1_21?crid=2M096C61O4MLT&keywords=bags&qid=1658565981&sprefix=ba%2Caps%2C283&sr=8-21,Laxella Casual Waterproof Lightweight Laptop Bag/Backpack for Men & Boys /Office School College Teens & Students.(Packof 1),null,3.4 out of 5 stars,101 ratings,"COMFORT WITH QUALITY: This casual bag has Wide, Padded and Adjustable shoulder straps and Padded Back for comfort in carrying heavy items. Stitched properly and Bartacks on every pressure point for extra durability. Made with strong yet light weight polyester fabric with heavy zippers. Serves the need of a professional office laptop bag, college bag, student backpack, school bag and is suitable for all, i.e. boys, girls, men and women",B093DRDJD4,RIDHI CREATION,Next,https://www.amazon.in/s?k=bags&page=2&crid=2M096C61O4MLT&qid=1658565969&sprefix=ba%2Caps%2C283&ref=sr_pg_1
1658566967-103,https://www.amazon.in/s?k=bags&crid=2M096C61O4MLT&qid=1653308124&sprefix=ba%2Caps%2C283&ref=sr_pg_1https%3A%2F%2Fwww.amazon.in%2Fref%3Dcs_503_logo%2F,Wesley Milestone 2.0 15.6 inch 30 L Casual Waterproof Laptop Backpack/Office Bag/School Bag/College Bag/Business Bag/Unisex Travel Backpack (Blue and Black),https://www.amazon.in/Wesley-Milestone-Waterproof-Backpack-Business/dp/B084JGJ8PF/ref=sr_1_9?crid=2M096C61O4MLT&keywords=bags&qid=1658565969&smid=A14CZOWI0VEHLG&sprefix=ba%2Caps%2C283&sr=8-9,Wesley Milestone 2.0 15.6 inch 30 L Casual Waterproof Laptop Backpack/Office Bag/School Bag/College Bag/Business Bag/Unisex Travel Backpack (Blue and Black),₹548.00,4.3 out of 5 stars,"6,581 ratings","30L Capacity: The Backpack has a padded laptop compartment that can fit 15.6 inch laptop. It can also accommodate essentials such as a Lunch box, Charger, Tablet, Books, Power Bank, Wallet, and Sunglass.",null,null,,
1658566475-75,https://www.amazon.in/s?k=bags&crid=2M096C61O4MLT&qid=1653308124&sprefix=ba%2Caps%2C283&ref=sr_pg_1https%3A%2F%2Fwww.amazon.in%2Fref%3Dcs_503_logo%2F,"INOVERA Faux Leather Women Handbags Shoulder Hobo Bag Purse With Long Strap, 32L x 13B x 30H cm",https://www.amazon.in/Inovera-Label-Women-Handbags-Shoulder/dp/B08CMQD4BC/ref=sr_1_37?crid=2M096C61O4MLT&keywords=bags&qid=1658566257&sprefix=ba%2Caps%2C283&sr=8-37,"INOVERA Faux Leather Women Handbags Shoulder Hobo Bag Purse With Long Strap, 32L x 13B x 30H cm",null,4.2 out of 5 stars,"4,809 ratings","Medium Purses for Women: 32L x 13B x 30H cm. Short handle height: 25cm, This hobo bag comes with a long removable and adjustable shoulder strap, which can be used as a women shoulder bag or hobo cross-body bag.",B08CMQD4BC,Panda Exim,3,https://www.amazon.in/s?k=bags&page=3&crid=2M096C61O4MLT&qid=1658565969&sprefix=ba%2Caps%2C283&ref=sr_pg_3
1658566739-90,https://www.amazon.in/s?k=bags&crid=2M096C61O4MLT&qid=1653308124&sprefix=ba%2Caps%2C283&ref=sr_pg_1https%3A%2F%2Fwww.amazon.in%2Fref%3Dcs_503_logo%2F,Laxella Casual Waterproof Lightweight Laptop Bag/Backpack for Men & Boys /Office School College Teens & Students.(Packof 1),https://www.amazon.in/Laxella-Waterproof-Lightweight-Backpack-Students/dp/B093DRDJD4/ref=sr_1_22?crid=2M096C61O4MLT&keywords=bags&qid=1658566533&sprefix=ba%2Caps%2C283&sr=8-22,Laxella Casual Waterproof Lightweight Laptop Bag/Backpack for Men & Boys /Office School College Teens & Students.(Packof 1),null,3.4 out of 5 stars,101 ratings,"COMFORT WITH QUALITY: This casual bag has Wide, Padded and Adjustable shoulder straps and Padded Back for comfort in carrying heavy items. Stitched properly and Bartacks on every pressure point for extra durability. Made with strong yet light weight polyester fabric with heavy zippers. Serves the need of a professional office laptop bag, college bag, student backpack, school bag and is suitable for all, i.e. boys, girls, men and women",B093DRDJD4,RIDHI CREATION,2,https://www.amazon.in/s?k=bags&page=2&crid=2M096C61O4MLT&qid=1658565969&sprefix=ba%2Caps%2C283&ref=sr_pg_2
1658566979-104,https://www.amazon.in/s?k=bags&crid=2M096C61O4MLT&qid=1653308124&sprefix=ba%2Caps%2C283&ref=sr_pg_1https%3A%2F%2Fwww.amazon.in%2Fref%3Dcs_503_logo%2F,Northzone Lightweight School Bags Backpacks for Boys Girls Stylish Men and Women Casual Travel Laptop Bag College Office (Navy Blue) 40L,https://www.amazon.in/Northzone-Polyester-School-Backpack-Compartment/dp/B08678P2T7/ref=sr_1_8?crid=2M096C61O4MLT&keywords=bags&qid=1658565969&sprefix=ba%2Caps%2C283&sr=8-8,Northzone Lightweight School Bags Backpacks for Boys Girls Stylish Men and Women Casual Travel Laptop Bag College Office (Navy Blue) 40L,null,4.1 out of 5 stars,"3,121 ratings","COMPATIBLE WITH 15.6 INCH LAPTOP”: The Northzone Backpack fits up to 15.6 inch laptop. Dimensions: 34cm x 15cm x 45.5cm; Weight: 499g; HIGH QUALITY, DURABLE AND WATER REPELLANT FABRIC”: This backpack features in durable snow yarn polyester fabric and streamlined design with a padded interior to protect notebooks and important items",B08678P2T7,"Northzone, Plot no 35 to 40 KH.No. 28/2 Ground Floor Agar Nagar Prem Nagar Phase 3 Delhi 110086",,
1658566366-68,https://www.amazon.in/s?k=bags&crid=2M096C61O4MLT&qid=1653308124&sprefix=ba%2Caps%2C283&ref=sr_pg_1https%3A%2F%2Fwww.amazon.in%2Fref%3Dcs_503_logo%2F,PLAYY BAGS Large 35 L Laptop Bag/Backpack for Men Women Boys Girls/Office School College Teens & Students(Navy Blue),https://www.amazon.in/PLAYY-BAGS-Backpack-College-Students/dp/B099N8JRVJ/ref=sr_1_46?crid=2M096C61O4MLT&keywords=bags&qid=1658566257&sprefix=ba%2Caps%2C283&sr=8-46,PLAYY BAGS Large 35 L Laptop Bag/Backpack for Men Women Boys Girls/Office School College Teens & Students(Navy Blue),null,2.8 out of 5 stars,41 ratings,"COMFORT WITH QUALITY: This casual bag has Wide, Padded and Adjustable shoulder straps and Padded Back for comfort in carrying heavy items. Stitched properly and Bartacks on every pressure point for extra durability. Made with strong yet light weight polyester fabric with heavy zippers. Serves the need of a professional office laptop bag, college bag, student backpack, school bag and is suitable for all, i.e. boys, girls, men and women",C Type,18 x 28 x 6 Centimeters,3,https://www.amazon.in/s?k=bags&page=3&crid=2M096C61O4MLT&qid=1658565969&sprefix=ba%2Caps%2C283&ref=sr_pg_3
1658566307-63,https://www.amazon.in/s?k=bags&crid=2M096C61O4MLT&qid=1653308124&sprefix=ba%2Caps%2C283&ref=sr_pg_1https%3A%2F%2Fwww.amazon.in%2Fref%3Dcs_503_logo%2F,American Tourister 29.5L Casual Backpack for Unisex Adult,https://www.amazon.in/American-Tourister-AMT-SCH-BAG01/dp/B07CJCFNZG/ref=sr_1_51?crid=2M096C61O4MLT&keywords=bags&qid=1658566257&smid=AXOGFIT0PZZ7G&sprefix=ba%2Caps%2C283&sr=8-51,American Tourister 29.5L Casual Backpack for Unisex Adult,₹999.00,4.1 out of 5 stars,"10,818 ratings","Laptop Compatibility: No, Strap Type: Adjustable",Samsonite,Unisex-adult,3,https://www.amazon.in/s?k=bags&page=3&crid=2M096C61O4MLT&qid=1658565969&sprefix=ba%2Caps%2C283&ref=sr_pg_3
1658566691-86,https://www.amazon.in/s?k=bags&crid=2M096C61O4MLT&qid=1653308124&sprefix=ba%2Caps%2C283&ref=sr_pg_1https%3A%2F%2Fwww.amazon.in%2Fref%3Dcs_503_logo%2F,Half Moon Large 37L Laptop Bag Backpack for menं Women Boys and Girls Luggage Travel Bags with 17.3 inches Laptop Compartment & Rain Cover,https://www.amazon.in/Half-Moon-Backpack-Luggage-Compartment/dp/B09VCLZ3K4/ref=sr_1_26?crid=2M096C61O4MLT&keywords=bags&qid=1658566533&sprefix=ba%2Caps%2C283&sr=8-26,Half Moon Large 37L Laptop Bag Backpack for menं Women Boys and Girls Luggage Travel Bags with 17.3 inches Laptop Compartment & Rain Cover,null,3.9 out of 5 stars,496 ratings,"SPACIOUS AND LIGHTWEIGHT: Light weight and spacious laptop backpack with 3 compartments. One compartment is for carrying laptop inside (Upto 17 inches), with padding for safety, and space for laptop accessories like charger, etc. Second large compartment for books, files and all your day to day essentials. And third compartment is for your extra stuff. It has provision for holding bottles on both sides and has padded shoulder straps for your comfort",B09VCLZ3K4,Amazing Bags,2,https://www.amazon.in/s?k=bags&page=2&crid=2M096C61O4MLT&qid=1658565969&sprefix=ba%2Caps%2C283&ref=sr_pg_2
1658566775-93,https://www.amazon.in/s?k=bags&crid=2M096C61O4MLT&qid=1653308124&sprefix=ba%2Caps%2C283&ref=sr_pg_1https%3A%2F%2Fwww.amazon.in%2Fref%3Dcs_503_logo%2F,DEIN KLEIDER Men's Nylon Messenger Bag,https://www.amazon.in/Kleider-Travel-Business-Messenger-Shoulder/dp/B084ZHP97M/ref=sr_1_19?crid=2M096C61O4MLT&keywords=bags&qid=1658566533&smid=A2B3JTOLC77ES8&sprefix=ba%2Caps%2C283&sr=8-19,DEIN KLEIDER Men's Nylon Messenger Bag,₹271.00,3.9 out of 5 stars,"2,910 ratings","ERGONOMIC DESIGN: This ergonomic bag features zippered security pockets in the front, back and main compartment. The front pockets can be used to hold personal items like identification cards, keys and more while the extra pocket located in the back can be used for the storage of sleek items like mobile devices. The main storage pocket also has enough room to hold your gadgets, small water bottle cables, chargers etc. This bag can fit tablets and devices with screen sizes of up to 10.5.",DK01CSP-HYP,Messenger Bag,2,https://www.amazon.in/s?k=bags&page=2&crid=2M096C61O4MLT&qid=1658565969&sprefix=ba%2Caps%2C283&ref=sr_pg_2
1658566895-99,https://www.amazon.in/s?k=bags&crid=2M096C61O4MLT&qid=1653308124&sprefix=ba%2Caps%2C283&ref=sr_pg_1https%3A%2F%2Fwww.amazon.in%2Fref%3Dcs_503_logo%2F,wooum Fashion Casual Backpack for Unisex Adult (Upto 15.6 in Laptop),https://www.amazon.in/Backpack-Fashion-Computer-Business-Black-BlueZip/dp/B08R7J19R8/ref=sr_1_15?crid=2M096C61O4MLT&keywords=bags&qid=1658565969&sprefix=ba%2Caps%2C283&sr=8-15,wooum Fashion Casual Backpack for Unisex Adult (Upto 15.6 in Laptop),null,4.0 out of 5 stars,"1,450 ratings","15.6 Laptop backpack comes with One main Compartment , One Front Compartment for accessories such as a Lunch box, Charger, Tablet, Books, Power Bank, Wallet, and Sunglass.",B08R7J19R8,wooum,,
1658566607-81,https://www.amazon.in/s?k=bags&crid=2M096C61O4MLT&qid=1653308124&sprefix=ba%2Caps%2C283&ref=sr_pg_1https%3A%2F%2Fwww.amazon.in%2Fref%3Dcs_503_logo%2F,ADISA Light Weight Laptop Backpack 32 Ltrs,https://www.amazon.in/ADISA-BP005-Weight-Casual-Backpack/dp/B07F3X45WZ/ref=sr_1_33?crid=2M096C61O4MLT&keywords=bags&qid=1658566533&sprefix=ba%2Caps%2C283&sr=8-33,ADISA Light Weight Laptop Backpack 32 Ltrs,null,4.0 out of 5 stars,"4,820 ratings",Adjustable Shoulder Handles / 2 Bottle holders / Padded Handle / Reflector Logo,B07F3X45WZ,"ADISA, careadisa@gmail.com",2,https://www.amazon.in/s?k=bags&page=2&crid=2M096C61O4MLT&qid=1658565969&sprefix=ba%2Caps%2C283&ref=sr_pg_2
1658566991-105,https://www.amazon.in/s?k=bags&crid=2M096C61O4MLT&qid=1653308124&sprefix=ba%2Caps%2C283&ref=sr_pg_1https%3A%2F%2Fwww.amazon.in%2Fref%3Dcs_503_logo%2F,Martucci 15.6 inch 30 L Casual Waterproof Laptop Backpack/Office Bag/School Bag/College Bag/Business Bag/Unisex Travel Backpack(Black),https://www.amazon.in/Martucci-Casual-Travelling-Laptop-Backpack/dp/B088B4P6ZW/ref=sr_1_7?crid=2M096C61O4MLT&keywords=bags&qid=1658565969&sprefix=ba%2Caps%2C283&sr=8-7,Martucci 15.6 inch 30 L Casual Waterproof Laptop Backpack/Office Bag/School Bag/College Bag/Business Bag/Unisex Travel Backpack(Black),null,4.1 out of 5 stars,"4,211 ratings",SPACIOUS AND LIGHTWEIGHT: Light weight and spacious 30L Laptop backpack 2 Main Compartment and 1 Front Pocket with Two Side Water Bottle Pocket.,B088B4P6ZW,Martucci,,
1658566415-70,https://www.amazon.in/s?k=bags&crid=2M096C61O4MLT&qid=1653308124&sprefix=ba%2Caps%2C283&ref=sr_pg_1https%3A%2F%2Fwww.amazon.in%2Fref%3Dcs_503_logo%2F,ADISA 32L Casual Backpack for Men,https://www.amazon.in/ADISA-BP010-Weight-Casual-Backpack/dp/B07NPW84SS/ref=sr_1_42?crid=2M096C61O4MLT&keywords=bags&qid=1658566257&sprefix=ba%2Caps%2C283&sr=8-42,ADISA 32L Casual Backpack for Men,null,4.0 out of 5 stars,"3,443 ratings",Care Instructions: Wipe with Damp Cloth,B07NPW84SS,"ADISA, careadisa@gmail.com",3,https://www.amazon.in/s?k=bags&page=3&crid=2M096C61O4MLT&qid=1658565969&sprefix=ba%2Caps%2C283&ref=sr_pg_3
1658566907-100,https://www.amazon.in/s?k=bags&crid=2M096C61O4MLT&qid=1653308124&sprefix=ba%2Caps%2C283&ref=sr_pg_1https%3A%2F%2Fwww.amazon.in%2Fref%3Dcs_503_logo%2F,DIVING DEEP 15 L Latest School Backpack for Girls,https://www.amazon.in/DIVING-DEEP-Backpack-Polyester-Bag/dp/B08F7YYZTJ/ref=sr_1_14?crid=2M096C61O4MLT&keywords=bags&qid=1658565969&smid=A7G7LRDIK7CR7&sprefix=ba%2Caps%2C283&sr=8-14,DIVING DEEP 15 L Latest School Backpack for Girls,₹391.00,3.3 out of 5 stars,"1,055 ratings","?? A perfect pick for daily use, this Polyester Trending Backpack can securely be used to carry mobile phone, cards, cosmetics, umbrella and other daily essential things in a safe, secure and arranged manner. No matter wherever you are heading to, it can be your companion for every hour of need.",B08F7YYZTJ,DIVING DEEP,,
1658567003-106,https://www.amazon.in/s?k=bags&crid=2M096C61O4MLT&qid=1653308124&sprefix=ba%2Caps%2C283&ref=sr_pg_1https%3A%2F%2Fwww.amazon.in%2Fref%3Dcs_503_logo%2F,"TRUE HUMAN Emperor Anti-Theft backpack With USB charging Port and anti -theft back pocket Laptop bag , office bag , college bag ( LEGEND )",https://www.amazon.in/TRUE-HUMAN-Anti-Theft-backpack-charging/dp/B09QJ7ZF2Y/ref=sr_1_6?crid=2M096C61O4MLT&keywords=bags&qid=1658565969&sprefix=ba%2Caps%2C283&sr=8-6,"TRUE HUMAN Emperor Anti-Theft backpack With USB charging Port and anti -theft back pocket Laptop bag , office bag , college bag ( LEGEND )",null,3.9 out of 5 stars,478 ratings,"➧ Superior & Durability: Made of durable and Eco-friendly water resistant oxford textile fabric,which keeps your files and stuffs dry inside. This backpack can hold up to 15.6"" laptop from most brands, but it may not be suitable for all brand 15.6"". Since there maybe exist slight size difference among different laptop brands.",LEGEND-1,null,,
1658566175-57,https://www.amazon.in/s?k=bags&crid=2M096C61O4MLT&qid=1653308124&sprefix=ba%2Caps%2C283&ref=sr_pg_1https%3A%2F%2Fwww.amazon.in%2Fref%3Dcs_503_logo%2F,"Wesley Milestone Casual Waterproof Laptop Backpack/Office Bag/School Bag/College Bag/Business Bag/Unisex Travel Backpack (Compatible with 15.6 inch Laptop) 30 L, Charcoal Black",https://www.amazon.in/Wesley-Milestone-Waterproof-Backpack-Business/dp/B085S444JV/ref=sr_1_23?crid=2M096C61O4MLT&keywords=bags&qid=1658565981&smid=A14CZOWI0VEHLG&sprefix=ba%2Caps%2C283&sr=8-23,"Wesley Milestone Casual Waterproof Laptop Backpack/Office Bag/School Bag/College Bag/Business Bag/Unisex Travel Backpack (Compatible with 15.6 inch Laptop) 30 L, Charcoal Black",₹548.00,4.3 out of 5 stars,"6,581 ratings","30L Capacity: The Backpack has a padded laptop compartment that can fit 15.6 inch laptop. It can also accommodate essentials such as a Lunch box, Charger, Tablet, Books, Power Bank, Wallet, and Sunglass.",null,null,Next,https://www.amazon.in/s?k=bags&page=2&crid=2M096C61O4MLT&qid=1658565969&sprefix=ba%2Caps%2C283&ref=sr_pg_1
1658566078-51,https://www.amazon.in/s?k=bags&crid=2M096C61O4MLT&qid=1653308124&sprefix=ba%2Caps%2C283&ref=sr_pg_1https%3A%2F%2Fwww.amazon.in%2Fref%3Dcs_503_logo%2F,Gear Carryon Backpack Black- Blue (BKPCARYON0110),https://www.amazon.in/GEAR-Black-Blue-Backpack-years/dp/B019HA8AYG/ref=sr_1_31?crid=2M096C61O4MLT&keywords=bags&qid=1658565981&sprefix=ba%2Caps%2C283&sr=8-31,Gear Carryon Backpack Black- Blue (BKPCARYON0110),null,3.7 out of 5 stars,"4,627 ratings","Outer Material: Polyester, Color: Black and Yellow.Ideal for 3-5 year old children.",Gear Merchandise PVT LTD,"Gear Merchandise PVT LTD, Gear Merchandise PVT LTD E/12 West Chowbaga Gulshan colony KoLkata-700100 Contact 9830403366",Next,https://www.amazon.in/s?k=bags&page=2&crid=2M096C61O4MLT&qid=1658565969&sprefix=ba%2Caps%2C283&ref=sr_pg_1
1658566487-76,https://www.amazon.in/s?k=bags&crid=2M096C61O4MLT&qid=1653308124&sprefix=ba%2Caps%2C283&ref=sr_pg_1https%3A%2F%2Fwww.amazon.in%2Fref%3Dcs_503_logo%2F,"AirCase C30 13.3 Inch/14 Inch/15.6 Inch Messenger Laptop Bag with Shoulder Strap, Water resistant, Multi Utility Compartments for all All iPad/Tablet (Black)",https://www.amazon.in/AirCase-C30-Messenger-Compartments-Multi-Pockets/dp/B07V47HHRG/ref=sr_1_36?crid=2M096C61O4MLT&keywords=bags&qid=1658566257&smid=A14CZOWI0VEHLG&sprefix=ba%2Caps%2C283&sr=8-36,"AirCase C30 13.3 Inch/14 Inch/15.6 Inch Messenger Laptop Bag with Shoulder Strap, Water resistant, Multi Utility Compartments for all All iPad/Tablet (Black)","₹1,410.00",4.0 out of 5 stars,448 ratings,"Innovative Design: Utility of a Messenger Bag with Convenience of a Laptop Sleeve. Built with Spill Resistance Nylon Material which is waterproof, Premium and YKK Two Way Zipper Closure, with comfortable handle on top.",null,null,3,https://www.amazon.in/s?k=bags&page=3&crid=2M096C61O4MLT&qid=1658565969&sprefix=ba%2Caps%2C283&ref=sr_pg_3
1658566379-69,https://www.amazon.in/s?k=bags&crid=2M096C61O4MLT&qid=1653308124&sprefix=ba%2Caps%2C283&ref=sr_pg_1https%3A%2F%2Fwww.amazon.in%2Fref%3Dcs_503_logo%2F,"Northzone Men's and Women's Stylish Lightweight Casual Travel Laptop Bag for School, College, Office (Navy Blue)",https://www.amazon.in/Northzone-Storage-Trending-Backpack-School/dp/B08FMSRJCL/ref=sr_1_45?crid=2M096C61O4MLT&keywords=bags&qid=1658566257&sprefix=ba%2Caps%2C283&sr=8-45,"Northzone Men's and Women's Stylish Lightweight Casual Travel Laptop Bag for School, College, Office (Navy Blue)",null,4.2 out of 5 stars,46 ratings,"PREMIUM FABRIC : Northzone, Stylish and durable backpack for school /college and travel. Easily accommodate a laptop. Size: 45 cm X 31 cm X 22 cm. Warranty by Northzone for 6 months",NZDI01-N70,"Northzone, Plot no 35 to 40 KH.No. 28/2 Ground Floor Agar Nagar Prem Nagar Phase 3 Delhi 110086",3,https://www.amazon.in/s?k=bags&page=3&crid=2M096C61O4MLT&qid=1658565969&sprefix=ba%2Caps%2C283&ref=sr_pg_3
1658566186-58,https://www.amazon.in/s?k=bags&crid=2M096C61O4MLT&qid=1653308124&sprefix=ba%2Caps%2C283&ref=sr_pg_1https%3A%2F%2Fwww.amazon.in%2Fref%3Dcs_503_logo%2F,Fur Jaden Anti Theft Backpack 15.6 Inch Laptop Bag with USB Charging Port and Water Resistant Fabric,https://www.amazon.in/Fur-Jaden-Black-Waterproof-Backpack/dp/B078GLXMDY/ref=sr_1_22?crid=2M096C61O4MLT&keywords=bags&qid=1658565981&smid=AXOGFIT0PZZ7G&sprefix=ba%2Caps%2C283&sr=8-22,Fur Jaden Anti Theft Backpack 15.6 Inch Laptop Bag with USB Charging Port and Water Resistant Fabric,₹799.00,4.0 out of 5 stars,"8,886 ratings",KEY FEATURES - Black Colour Backpack for Men and Women for Stylish Office use as well as for Trendy College students. Huge compartment size that can fit upto a 15.6 inch Laptop with ease. Multiple pockets for other accessories.,Fur Jaden,"Fur Jaden, 3-C, Jai Hind Bld, Dr AM Road, Bhuleshwar, Mumbai 400002, 8080888028",Next,https://www.amazon.in/s?k=bags&page=2&crid=2M096C61O4MLT&qid=1658565969&sprefix=ba%2Caps%2C283&ref=sr_pg_1
1658566919-101,https://www.amazon.in/s?k=bags&crid=2M096C61O4MLT&qid=1653308124&sprefix=ba%2Caps%2C283&ref=sr_pg_1https%3A%2F%2Fwww.amazon.in%2Fref%3Dcs_503_logo%2F,TRUE HUMAN Anti-Theft and USB Charging Port Backpack with Combination Lock Laptop Bag (Grey),https://www.amazon.in/TRUE-HUMAN-Anti-Theft-charging-combination/dp/B09H7PK5ML/ref=sr_1_13?crid=2M096C61O4MLT&keywords=bags&qid=1658565969&sprefix=ba%2Caps%2C283&sr=8-13,TRUE HUMAN Anti-Theft and USB Charging Port Backpack with Combination Lock Laptop Bag (Grey),null,3.8 out of 5 stars,867 ratings,"Superior & Durability: Made of durable and Eco-friendly water resistant oxford textile fabric,which keeps your files and stuffs dry inside. This backpack can hold up to 15.6"" laptop from most brands, but it may not be suitable for all brand 15.6"". Since there maybe exist slight size difference among different laptop brands.",B09H7PK5ML,1,,
1658566162-56,https://www.amazon.in/s?k=bags&crid=2M096C61O4MLT&qid=1653308124&sprefix=ba%2Caps%2C283&ref=sr_pg_1https%3A%2F%2Fwww.amazon.in%2Fref%3Dcs_503_logo%2F,Gear 30 Ltrs Black Laptop Backpack (LBPASPIRE0104),https://www.amazon.in/Gear-Black-Laptop-Backpack-LBPASPIRE0104/dp/B075MK4TXP/ref=sr_1_24?crid=2M096C61O4MLT&keywords=bags&qid=1658565981&sprefix=ba%2Caps%2C283&sr=8-24,Gear 30 Ltrs Black Laptop Backpack (LBPASPIRE0104),null,4.4 out of 5 stars,"3,724 ratings","Outer Material: Polyester, Color: Black",B075MK4TXP,Gear Merchandise PVT LTD E/12 West Chowbaga Gulshan colony KoLkata-700100 Contact 9830403366,Next,https://www.amazon.in/s?k=bags&page=2&crid=2M096C61O4MLT&qid=1658565969&sprefix=ba%2Caps%2C283&ref=sr_pg_1
1658566883-98,https://www.amazon.in/s?k=bags&crid=2M096C61O4MLT&qid=1653308124&sprefix=ba%2Caps%2C283&ref=sr_pg_1https%3A%2F%2Fwww.amazon.in%2Fref%3Dcs_503_logo%2F,"POLESTAR 32 L Vintage Travel Backpack for Unisex Adult, with 15.6"" Laptop Compartment, College, School, Office, Casual, Travel , 1 Year Warranty",https://www.amazon.in/POLESTAR-Vintage-Laptop-Backpack-bagpack/dp/B081GSQ9D9/ref=sr_1_16?crid=2M096C61O4MLT&keywords=bags&qid=1658565969&smid=A3HBYWQBT33AGW&sprefix=ba%2Caps%2C283&sr=8-16,"POLESTAR 32 L Vintage Travel Backpack for Unisex Adult, with 15.6"" Laptop Compartment, College, School, Office, Casual, Travel , 1 Year Warranty",₹567.00,4.0 out of 5 stars,"6,169 ratings","✅DIMENSIONS: 32 Cm x 20 Cm x 44 Cm, CAPACITY: 32 Litres",POLESTAR,Unisex-adult,,
1658566714-88,https://www.amazon.in/s?k=bags&crid=2M096C61O4MLT&qid=1653308124&sprefix=ba%2Caps%2C283&ref=sr_pg_1https%3A%2F%2Fwww.amazon.in%2Fref%3Dcs_503_logo%2F,Gear 30 Ltrs Black Laptop Backpack (LBPASPIRE0104),https://www.amazon.in/Gear-Black-Laptop-Backpack-LBPASPIRE0104/dp/B075MK4TXP/ref=sr_1_24?crid=2M096C61O4MLT&keywords=bags&qid=1658566533&sprefix=ba%2Caps%2C283&sr=8-24,Gear 30 Ltrs Black Laptop Backpack (LBPASPIRE0104),null,4.4 out of 5 stars,"3,724 ratings","Outer Material: Polyester, Color: Black",B075MK4TXP,Gear Merchandise PVT LTD E/12 West Chowbaga Gulshan colony KoLkata-700100 Contact 9830403366,2,https://www.amazon.in/s?k=bags&page=2&crid=2M096C61O4MLT&qid=1658565969&sprefix=ba%2Caps%2C283&ref=sr_pg_2
1658566066-50,https://www.amazon.in/s?k=bags&crid=2M096C61O4MLT&qid=1653308124&sprefix=ba%2Caps%2C283&ref=sr_pg_1https%3A%2F%2Fwww.amazon.in%2Fref%3Dcs_503_logo%2F,ADISA Light Weight Laptop Backpack 32 Ltrs,https://www.amazon.in/ADISA-BP005-Weight-Casual-Backpack/dp/B07F3X45WZ/ref=sr_1_32?crid=2M096C61O4MLT&keywords=bags&qid=1658565981&sprefix=ba%2Caps%2C283&sr=8-32,ADISA Light Weight Laptop Backpack 32 Ltrs,null,4.0 out of 5 stars,"4,820 ratings",Adjustable Shoulder Handles / 2 Bottle holders / Padded Handle / Reflector Logo,B07F3X45WZ,"ADISA, careadisa@gmail.com",Next,https://www.amazon.in/s?k=bags&page=2&crid=2M096C61O4MLT&qid=1658565969&sprefix=ba%2Caps%2C283&ref=sr_pg_1
1658566655-85,https://www.amazon.in/s?k=bags&crid=2M096C61O4MLT&qid=1653308124&sprefix=ba%2Caps%2C283&ref=sr_pg_1https%3A%2F%2Fwww.amazon.in%2Fref%3Dcs_503_logo%2F,ZIPLINE Unisex Casual Polyester 36 L Backpack School Bag Women Men Boys Girls Children Daypack College Bag Book School Sports Bag Weekend Bag,https://www.amazon.in/ZIPLINE-Polyester-Backpack-Children-Daypack/dp/B07XVMR33Q/ref=sr_1_29?crid=2M096C61O4MLT&keywords=bags&qid=1658566533&smid=AE2F1YGE1DB7K&sprefix=ba%2Caps%2C283&sr=8-29,ZIPLINE Unisex Casual Polyester 36 L Backpack School Bag Women Men Boys Girls Children Daypack College Bag Book School Sports Bag Weekend Bag,₹726.00,4.1 out of 5 stars,"2,725 ratings","MULTI-FUNCTION COMPARTMENT: ZIPLINE backpack features multiple storage compartments and features for additional supplies and accessories as your, iPhone, iPad, pen, keys, wallet, books, clothes, bottle, passport and more,",B07XVMR33Q,"Atulitu Agency, ,251/3364, Tagore Nagar - 1, Vikhroli East, Mumbai - 400083 (9820078070)",2,https://www.amazon.in/s?k=bags&page=2&crid=2M096C61O4MLT&qid=1658565969&sprefix=ba%2Caps%2C283&ref=sr_pg_2
1658566595-80,https://www.amazon.in/s?k=bags&crid=2M096C61O4MLT&qid=1653308124&sprefix=ba%2Caps%2C283&ref=sr_pg_1https%3A%2F%2Fwww.amazon.in%2Fref%3Dcs_503_logo%2F,"POLESTAR Noble 32 L College/ School/ Office/ Casual/ Travel Backpack with 15.6"" laptop compartment, made with polyester, 1 year warranty",https://www.amazon.in/POLESTAR-Casual-bagpack-School-Backpack/dp/B07PQQ8M7B/ref=sr_1_34?crid=2M096C61O4MLT&keywords=bags&qid=1658566533&smid=A3HBYWQBT33AGW&sprefix=ba%2Caps%2C283&sr=8-34,"POLESTAR Noble 32 L College/ School/ Office/ Casual/ Travel Backpack with 15.6"" laptop compartment, made with polyester, 1 year warranty",₹585.00,4.0 out of 5 stars,"15,690 ratings","✅DIMENSIONS: 31 Cm x 22 Cm x 45 Cm, CAPACITY: 32 Litres",POLESTAR,Unisex-adult,2,https://www.amazon.in/s?k=bags&page=2&crid=2M096C61O4MLT&qid=1658565969&sprefix=ba%2Caps%2C283&ref=sr_pg_2
1658566343-66,https://www.amazon.in/s?k=bags&crid=2M096C61O4MLT&qid=1653308124&sprefix=ba%2Caps%2C283&ref=sr_pg_1https%3A%2F%2Fwww.amazon.in%2Fref%3Dcs_503_logo%2F,Fur Jaden Hiking Camping Rucksack Casual 10 Ltrs Blue Casual Backpack,https://www.amazon.in/Fur-Jaden-Rucksack-Backpack-BM43_Blue/dp/B07PS38XSP/ref=sr_1_48?crid=2M096C61O4MLT&keywords=bags&qid=1658566257&smid=AXOGFIT0PZZ7G&sprefix=ba%2Caps%2C283&sr=8-48,Fur Jaden Hiking Camping Rucksack Casual 10 Ltrs Blue Casual Backpack,₹249.00,3.6 out of 5 stars,"6,383 ratings","Ideal For - Men, Women and Children of all age groups. Can be used for Hiking, Trekking or as a Casual Backpack for Daily Commute",B07PS38XSP,200 g,3,https://www.amazon.in/s?k=bags&page=3&crid=2M096C61O4MLT&qid=1658565969&sprefix=ba%2Caps%2C283&ref=sr_pg_3
1658566499-77,https://www.amazon.in/s?k=bags&crid=2M096C61O4MLT&qid=1653308124&sprefix=ba%2Caps%2C283&ref=sr_pg_1https%3A%2F%2Fwww.amazon.in%2Fref%3Dcs_503_logo%2F,HEROZ Hammer Unisex Nylon 45 L Travel Laptop Backpack Water Resistant Slim Durable Fits Up to 17.3 Inch Laptop Notebook (All) (Grey & Black),https://www.amazon.in/HEROZ-Hammer-Durable-Travel-Laptop/dp/B07MGDFT9C/ref=sr_1_35?crid=2M096C61O4MLT&keywords=bags&qid=1658566257&sprefix=ba%2Caps%2C283&sr=8-35,HEROZ Hammer Unisex Nylon 45 L Travel Laptop Backpack Water Resistant Slim Durable Fits Up to 17.3 Inch Laptop Notebook (All) (Grey & Black),null,4.3 out of 5 stars,"6,646 ratings","Warranty type: Manufacturer, 1 year domestic warranty",null,null,3,https://www.amazon.in/s?k=bags&page=3&crid=2M096C61O4MLT&qid=1658565969&sprefix=ba%2Caps%2C283&ref=sr_pg_3
1658566042-48,https://www.amazon.in/s?k=bags&crid=2M096C61O4MLT&qid=1653308124&sprefix=ba%2Caps%2C283&ref=sr_pg_1https%3A%2F%2Fwww.amazon.in%2Fref%3Dcs_503_logo%2F,Artistix Talon Anti-Theft Design Laptop Backpack Bag in Water Resistance With USB Charging Port (46 Cm) (Black),https://www.amazon.in/Artistix-Backpack-Anti-Theft-Charging-Resistance/dp/B082PKX18C/ref=sr_1_34?crid=2M096C61O4MLT&keywords=bags&qid=1658565981&smid=A1VUWH3EQIJX98&sprefix=ba%2Caps%2C283&sr=8-34,Artistix Talon Anti-Theft Design Laptop Backpack Bag in Water Resistance With USB Charging Port (46 Cm) (Black),₹939.00,4.3 out of 5 stars,"1,607 ratings",Fit Type: Western,B082PKX18C,"Durant International. Address : GIDC Lodhika, Rajkot-360021, Gujarat. Customer Care : 9809804990, Durant International Plot no. G-2613/2 GIDC lodhika, metoda, Rajkot 360021. Customer Care +91 9809804990",Next,https://www.amazon.in/s?k=bags&page=2&crid=2M096C61O4MLT&qid=1658565969&sprefix=ba%2Caps%2C283&ref=sr_pg_1
1658566320-64,https://www.amazon.in/s?k=bags&crid=2M096C61O4MLT&qid=1653308124&sprefix=ba%2Caps%2C283&ref=sr_pg_1https%3A%2F%2Fwww.amazon.in%2Fref%3Dcs_503_logo%2F,SAFARI 15 Ltrs Sea Blue Casual/School/College Backpack (DAYPACKNEO15CBSEB),https://www.amazon.in/SAFARI-Ltrs-Casual-Backpack-DAYPACKNEO15CBSEB/dp/B07Q7CNPMV/ref=sr_1_50?crid=2M096C61O4MLT&keywords=bags&qid=1658566257&smid=AXOGFIT0PZZ7G&sprefix=ba%2Caps%2C283&sr=8-50,SAFARI 15 Ltrs Sea Blue Casual/School/College Backpack (DAYPACKNEO15CBSEB),₹349.00,4.0 out of 5 stars,"15,557 ratings","Outer Material: Polyester, Color: Sea Blue",B07Q7CNPMV,"Safari Industries (India) Ltd, Safari Industries Ltd 301/302, A-Wing, The Qube, M.V.Road, Marol, Andheri(East), Near international Airport Mumbai- 400059 +91-22-40381851/838",3,https://www.amazon.in/s?k=bags&page=3&crid=2M096C61O4MLT&qid=1658565969&sprefix=ba%2Caps%2C283&ref=sr_pg_3
